{
  "timestamp": "2025-05-29T20:15:40.849446",
  "original_video": "data/input/demo_color.mp4",
  "methods": {
    "classical": {
      "video_path": "data/output/demo_classical_restored.mp4",
      "frame_count": 30,
      "metrics": {
        "psnr": {
          "mean": 21.538048101471208,
          "std": 0.6877944653581168,
          "min": 20.553601627534725,
          "max": 23.057552697432282,
          "values": [
            20.553601627534725,
            22.06677164145289,
            21.775398301124078,
            21.75363987305014,
            21.5841860774469,
            21.7234423477947,
            21.348497497010456,
            21.278105535493083,
            21.408023061857776,
            21.23803775633395,
            20.955063047940055,
            21.026058410189986,
            20.794880012630802,
            20.653885119571754,
            20.795529885086523,
            20.89676408907374,
            20.92504732368273,
            21.036056659875474,
            20.900614348658785,
            21.27723181218154,
            21.29095766714874,
            21.60154251025972,
            21.822405871064852,
            22.03414205250609,
            22.122841628517655,
            22.804120904598193,
            22.939732613203066,
            23.057552697432282,
            22.945901892558783,
            21.531410778856788
          ]
        },
        "ssim": {
          "mean": 0.41285703520566436,
          "std": 0.015842528373120283,
          "min": 0.391813387234338,
          "max": 0.47008887853995834,
          "values": [
            0.4099327823061622,
            0.47008887853995834,
            0.4328234181476245,
            0.4188981710202907,
            0.4150013375320964,
            0.4158252232231131,
            0.4085034070050364,
            0.4098068266429019,
            0.40478170288072274,
            0.40790416514744005,
            0.400200567885861,
            0.40090915468471117,
            0.391813387234338,
            0.3966058903085588,
            0.4045716901691527,
            0.3967717613062733,
            0.3965992035557506,
            0.4005746658674989,
            0.40300482648841934,
            0.4024524595027558,
            0.4047263014405209,
            0.40749041318813556,
            0.4177302109611618,
            0.41680065146061435,
            0.4078171522656077,
            0.4297858725131325,
            0.425911412990458,
            0.4280173544927817,
            0.44189715902961624,
            0.4184650083792357
          ]
        },
        "mse": {
          "mean": 4424.342889503762,
          "std": 266.70592411772816,
          "min": 4116.616018880209,
          "max": 5030.261146918403,
          "values": [
            5030.261146918403,
            4971.059555121527,
            4884.1307552083335,
            4732.518325737848,
            4652.2705696614585,
            4534.470794270834,
            4485.144774305556,
            4431.101139322916,
            4325.686374782986,
            4286.431848958333,
            4266.686121961806,
            4210.060544704861,
            4195.436494140625,
            4165.120865885417,
            4146.652216796875,
            4128.444576822917,
            4124.6052452256945,
            4116.616018880209,
            4153.003011067708,
            4154.961279296875,
            4215.586469184028,
            4235.295046657986,
            4309.516939019098,
            4406.081729600694,
            4406.315641276042,
            4443.254418402777,
            4560.695234375,
            4662.246831597222,
            4731.258643663195,
            4765.374072265625
          ]
        },
        "mae": {
          "mean": 50.376201569733794,
          "std": 1.45475577488031,
          "min": 48.89251410590278,
          "max": 54.25326714409722,
          "values": [
            54.25326714409722,
            53.52337673611111,
            53.035190972222225,
            52.10592556423611,
            51.59722764756945,
            50.92410807291667,
            50.701015625,
            50.333081597222225,
            49.65658745659722,
            49.55666449652778,
            49.43073350694444,
            49.15870659722222,
            49.316752387152775,
            49.19279296875,
            49.14721896701389,
            48.99486545138889,
            48.999118923611114,
            48.89251410590278,
            49.01447374131944,
            49.034473741319445,
            49.30893880208333,
            49.271025390625,
            49.66041775173611,
            50.15258029513889,
            49.97717122395834,
            50.007723524305554,
            50.76700737847222,
            51.40220486111111,
            51.78138020833333,
            52.089501953125
          ]
        }
      }
    },
    "ai_simple": {
      "video_path": "data/output/demo_ai_colorized.mp4",
      "frame_count": 30,
      "metrics": {
        "psnr": {
          "mean": 21.169043796341825,
          "std": 0.4232375072070711,
          "min": 20.577208857600606,
          "max": 21.822784153683585,
          "values": [
            21.23947408057085,
            21.53888269632439,
            21.615844584479184,
            21.657137125097186,
            21.598143646830273,
            21.619481358657026,
            21.454246732734212,
            21.31529514549498,
            21.216442794793345,
            21.0618387566861,
            20.867338238861155,
            20.817726101198502,
            20.713229122968308,
            20.667636654820036,
            20.588799631918853,
            20.602575555021577,
            20.577208857600606,
            20.584901275579185,
            20.66149443127204,
            20.677576874557975,
            20.773824939245394,
            20.92726928568728,
            21.13826274977177,
            21.224297830380408,
            21.38504897264822,
            21.59492104936511,
            21.60978038422343,
            21.725441675742296,
            21.822784153683585,
            21.794409184041367
          ]
        },
        "ssim": {
          "mean": 0.8064614295253547,
          "std": 0.018789987605200748,
          "min": 0.7290219356623322,
          "max": 0.8299713098205708,
          "values": [
            0.7290219356623322,
            0.7792410464457736,
            0.7856420863360237,
            0.790707990480558,
            0.796959684575113,
            0.8035403410490651,
            0.804954643659466,
            0.8067359433061172,
            0.8035970301691331,
            0.8065869976143882,
            0.79838755156964,
            0.8174331574966609,
            0.8183033717264049,
            0.8242422201749177,
            0.8227667504411227,
            0.8226686453459949,
            0.8212784320084822,
            0.824767401993969,
            0.8299713098205708,
            0.8076900092413495,
            0.8094350962758021,
            0.8084699283559819,
            0.8259228880267746,
            0.8045519890827962,
            0.813469830439399,
            0.8176994225316304,
            0.8087827003588424,
            0.7928579821030021,
            0.8069687749686918,
            0.8111877245006377
          ]
        },
        "mse": {
          "mean": 1900.429846679688,
          "std": 167.7656434752288,
          "min": 1622.4349848090278,
          "max": 2125.1030219184026,