{
  "classical": {
    "PSNR": 22.766330897362863,
    "SSIM": 0.2382085256439544
  }
}