{
  "ai": {
    "PSNR": 24.277172613553113,
    "SSIM": 0.5322404976424018
  }
}